{
  "users": [
    {
      "name": "Emma",
      "city": "France-Montpellier",
      "interets": {
        "cinema": [
          "RomCom",
          "Action"
        ],
        "lecture": [
          "New-Romance",
          "Historique"
        ],
        "sport": [
          "Escalade",
          "Danse"
        ],
        "musique": [
          "Pop-us",
          "R&B"
        ],
        "hobbies": [
          "Instrument"
        ],
        "caractere": [
          "Introverti"
        ],
        "soiree": [
          "dance-floor",
          "forcer"
        ],
        "weekend": [
          "Zzz",
          "revises"
        ],
        "vacances": [
          "baigner",
          "lire",
          "apprendre"
        ],
        "cours": [
          "scenarios"
        ],
        "voyage": [
          "paysages"
        ]
      }
    },
    {
      "name": "Louis",
      "city": "France-Paris",
      "interets": {
        "cinema": [
          "Horreur",
          "Action"
        ],
        "lecture": [
          "Fiction",
          "Classique"
        ],
        "sport": [
          "Foot",
          "Natation"
        ],
        "musique": [
          "Rock",
          "Jazz"
        ],
        "hobbies": [
          "Jeux-videos"
        ],
        "caractere": [
          "Extraverti"
        ],
        "soiree": [
          "dance-floor",
          "buffet"
        ],
        "weekend": [
          "jeux-videos2",
          "amis"
        ],
        "vacances": [
          "series",
          "proches"
        ],
        "cours": [
          "dessines"
        ],
        "voyage": [
          "rencontres"
        ]
      }
    },
    {
      "name": "Camille",
      "city": "France-Lyon",
      "interets": {
        "cinema": [
          "Thriller",
          "Action"
        ],
        "lecture": [
          "Policier",
          "Fiction"
        ],
        "sport": [
          "Basket",
          "Musculation"
        ],
        "musique": [
          "K-pop",
          "Rap-us"
        ],
        "hobbies": [
          "Cuisine"
        ],
        "caractere": [
          "Ambiverti"
        ],
        "soiree": [
          "bouteilles",
          "charo"
        ],
        "weekend": [
          "famille",
          "consacres"
        ],
        "vacances": [
          "anne",
          "marcher"
        ],
        "cours": [
          "questions"
        ],
        "voyage": [
          "sable"
        ]
      }
    },
    {
      "name": "Léa",
      "city": "France-Lille",
      "interets": {
        "cinema": [
          "Horreur",
          "Thriller"
        ],
        "lecture": [
          "New-Romance",
          "Classique"
        ],
        "sport": [
          "Natation",
          "Danse"
        ],
        "musique": [
          "Pop-fr",
          "Rap-fr"
        ],
        "hobbies": [
          "Theatre"
        ],
        "caractere": [
          "Introverti"
        ],
        "soiree": [
          "dormir",
          "non"
        ],
        "weekend": [
          "Zzz",
          "revises"
        ],
        "vacances": [
          "apprendre",
          "proches"
        ],
        "cours": [
          "scenarios"
        ],
        "voyage": [
          "culture"
        ]
      }
    },
    {
      "name": "Hugo",
      "city": "France-Toulouse",
      "interets": {
        "cinema": [
          "Science-Fiction",
          "Action"
        ],
        "lecture": [
          "Historique",
          "Classique"
        ],
        "sport": [
          "Skate",
          "Tenis"
        ],
        "musique": [
          "Rap-us",
          "R&B"
        ],
        "hobbies": [
          "F1"
        ],
        "caractere": [
          "Extraverti"
        ],
        "soiree": [
          "dance-floor",
          "charo"
        ],
        "weekend": [
          "jeux-videos2",
          "amis"
        ],
        "vacances": [
          "marcher",
          "new-game"
        ],
        "cours": [
          "notes"
        ],
        "voyage": [
          "paysages"
        ]
      }
    },
    {
      "name": "Chloé",
      "city": "France-Nice",
      "interets": {
        "cinema": [
          "RomCom",
          "Action"
        ],
        "lecture": [
          "New-Romance",
          "Historique"
        ],
        "sport": [
          "Escalade",
          "Danse"
        ],
        "musique": [
          "Pop-us",
          "R&B"
        ],
        "hobbies": [
          "Instrument"
        ],
        "caractere": [
          "Introverti"
        ],
        "soiree": [
          "dance-floor",
          "forcer"
        ],
        "weekend": [
          "Zzz",
          "revises"
        ],
        "vacances": [
          "baigner",
          "lire",
          "apprendre"
        ],
        "cours": [
          "scenarios"
        ],
        "voyage": [
          "paysages"
        ]
      }
    },
    {
      "name": "Théo",
      "city": "France-Marseille",
      "interets": {
        "cinema": [
          "Horreur",
          "Thriller"
        ],
        "lecture": [
          "Fiction",
          "Classique"
        ],
        "sport": [
          "Foot",
          "Natation"
        ],
        "musique": [
          "Rock",
          "Jazz"
        ],
        "hobbies": [
          "Jeux-videos"
        ],
        "caractere": [
          "Ambiverti"
        ],
        "soiree": [
          "dance-floor",
          "buffet"
        ],
        "weekend": [
          "jeux-videos2",
          "amis"
        ],
        "vacances": [
          "series",
          "proches"
        ],
        "cours": [
          "dessines"
        ],
        "voyage": [
          "rencontres"
        ]
      }
    },
    {
      "name": "Inès",
      "city": "France-Bordeaux",
      "interets": {
        "cinema": [
          "Science-Fiction",
          "Action"
        ],
        "lecture": [
          "Historique",
          "Fiction"
        ],
        "sport": [
          "Basket",
          "Musculation"
        ],
        "musique": [
          "K-pop",
          "Rap-us"
        ],
        "hobbies": [
          "Cuisine"
        ],
        "caractere": [
          "Ambiverti"
        ],
        "soiree": [
          "bouteilles",
          "charo"
        ],
        "weekend": [
          "famille",
          "consacres"
        ],
        "vacances": [
          "anne",
          "marcher"
        ],
        "cours": [
          "questions"
        ],
        "voyage": [
          "sable"
        ]
      }
    },
    {
      "name": "Nathan",
      "city": "France-Strasbourg",
      "interets": {
        "cinema": [
          "RomCom",
          "Horreur"
        ],
        "lecture": [
          "New-Romance",
          "Policier"
        ],
        "sport": [
          "Foot",
          "Basket"
        ],
        "musique": [
          "Pop-us",
          "K-pop"
        ],
        "hobbies": [
          "Chant"
        ],
        "caractere": [
          "Introverti"
        ],
        "soiree": [
          "dance-floor",
          "dormir"
        ],
        "weekend": [
          "amis",
          "consacres"
        ],
        "vacances": [
          "lire",
          "apprendre"
        ],
        "cours": [
          "dessines"
        ],
        "voyage": [
          "montagne"
        ]
      }
    },
    {
      "name": "Manon",
      "city": "France-Rennes",
      "interets": {
        "cinema": [
          "RomCom",
          "Action"
        ],
        "lecture": [
          "New-Romance",
          "Historique"
        ],
        "sport": [
          "Escalade",
          "Danse"
        ],
        "musique": [
          "Pop-us",
          "R&B"
        ],
        "hobbies": [
          "Instrument"
        ],
        "caractere": [
          "Introverti"
        ],
        "soiree": [
          "dance-floor",
          "forcer"
        ],
        "weekend": [
          "Zzz",
          "revises"
        ],
        "vacances": [
          "baigner",
          "lire",
          "apprendre"
        ],
        "cours": [
          "scenarios"
        ],
        "voyage": [
          "paysages"
        ]
      }
    },
    {
      "name": "Lucas",
      "city": "France-Orléans",
      "interets": {
        "cinema": [
          "RomCom",
          "Action"
        ],
        "lecture": [
          "New-Romance",
          "Historique"
        ],
        "sport": [
          "Escalade",
          "Danse"
        ],
        "musique": [
          "Pop-us",
          "R&B"
        ],
        "hobbies": [
          "Instrument"
        ],
        "caractere": [
          "Introverti"
        ],
        "soiree": [
          "dance-floor",
          "forcer"
        ],
        "weekend": [
          "Zzz",
          "revises"
        ],
        "vacances": [
          "baigner",
          "lire",
          "apprendre"
        ],
        "cours": [
          "scenarios"
        ],
        "voyage": [
          "paysages"
        ]
      }
    },
    {
      "name": "Sarah",
      "city": "France-Nantes",
      "interets": {
        "cinema": [
          "RomCom",
          "Action"
        ],
        "lecture": [
          "New-Romance",
          "Historique"
        ],
        "sport": [
          "Escalade",
          "Danse"
        ],
        "musique": [
          "Pop-us",
          "R&B"
        ],
        "hobbies": [
          "Instrument"
        ],
        "caractere": [
          "Introverti"
        ],
        "soiree": [
          "dance-floor",
          "forcer"
        ],
        "weekend": [
          "Zzz",
          "revises"
        ],
        "vacances": [
          "baigner",
          "lire",
          "apprendre"
        ],
        "cours": [
          "scenarios"
        ],
        "voyage": [
          "paysages"
        ]
      }
    },
    {
      "name": "Eva",
      "city": "France-Montpellier",
      "interets": {
        "cinema": [
          "RomCom",
          "Action"
        ],
        "lecture": [
          "New-Romance",
          "Historique"
        ],
        "sport": [
          "Escalade",
          "Danse"
        ],
        "musique": [
          "Pop-us",
          "R&B"
        ],
        "hobbies": [
          "Instrument"
        ],
        "caractere": [
          "Introverti"
        ],
        "soiree": [
          "dance-floor",
          "forcer"
        ],
        "weekend": [
          "Zzz",
          "revises"
        ],
        "vacances": [
          "baigner",
          "lire",
          "apprendre"
        ],
        "cours": [
          "scenarios"
        ],
        "voyage": [
          "paysages"
        ]
      }
    },
    {
      "name": "Enzo",
      "city": "France-Paris",
      "interets": {
        "cinema": [
          "Horreur",
          "Action"
        ],
        "lecture": [
          "Fiction",
          "Classique"
        ],
        "sport": [
          "Foot",
          "Natation"
        ],
        "musique": [
          "Rock",
          "Jazz"
        ],
        "hobbies": [
          "Jeux-videos"
        ],
        "caractere": [
          "Extraverti"
        ],
        "soiree": [
          "dance-floor",
          "buffet"
        ],
        "weekend": [
          "jeux-videos2",
          "amis"
        ],
        "vacances": [
          "series",
          "proches"
        ],
        "cours": [
          "dessines"
        ],
        "voyage": [
          "rencontres"
        ]
      }
    },
    {
      "name": "Lina",
      "city": "France-Lyon",
      "interets": {
        "cinema": [
          "Thriller",
          "Action"
        ],
        "lecture": [
          "Policier",
          "Fiction"
        ],
        "sport": [
          "Basket",
          "Musculation"
        ],
        "musique": [
          "K-pop",
          "Rap-us"
        ],
        "hobbies": [
          "Cuisine"
        ],
        "caractere": [
          "Ambiverti"
        ],
        "soiree": [
          "bouteilles",
          "charo"
        ],
        "weekend": [
          "famille",
          "consacres"
        ],
        "vacances": [
          "anne",
          "marcher"
        ],
        "cours": [
          "questions"
        ],
        "voyage": [
          "sable"
        ]
      }
    },
    {
      "name": "Tom",
      "city": "France-Lille",
      "interets": {
        "cinema": [
          "Horreur",
          "Thriller"
        ],
        "lecture": [
          "New-Romance",
          "Classique"
        ],
        "sport": [
          "Natation",
          "Danse"
        ],
        "musique": [
          "Pop-fr",
          "Rap-fr"
        ],
        "hobbies": [
          "Theatre"
        ],
        "caractere": [
          "Introverti"
        ],
        "soiree": [
          "dormir",
          "non"
        ],
        "weekend": [
          "Zzz",
          "revises"
        ],
        "vacances": [
          "apprendre",
          "proches"
        ],
        "cours": [
          "scenarios"
        ],
        "voyage": [
          "culture"
        ]
      }
    },
    {
      "name": "Clara",
      "city": "France-Toulouse",
      "interets": {
        "cinema": [
          "Science-Fiction",
          "Action"
        ],
        "lecture": [
          "Historique",
          "Classique"
        ],
        "sport": [
          "Skate",
          "Tenis"
        ],
        "musique": [
          "Rap-us",
          "R&B"
        ],
        "hobbies": [
          "F1"
        ],
        "caractere": [
          "Extraverti"
        ],
        "soiree": [
          "dance-floor",
          "charo"
        ],
        "weekend": [
          "jeux-videos2",
          "amis"
        ],
        "vacances": [
          "marcher",
          "new-game"
        ],
        "cours": [
          "notes"
        ],
        "voyage": [
          "paysages"
        ]
      }
    },
    {
      "name": "Manal",
      "city": "France-Montpellier",
      "interets": {
        "cinema": [
          "RomCom",
          "Horreur"
        ],
        "lecture": [
          "New-Romance"
        ],
        "sport": [],
        "musique": [
          "Pop-us",
          "R&B"
        ],
        "hobbies": [
          "Chant",
          "Cuisine"
        ],
        "caractere": [
          "Introverti"
        ],
        "soiree": [
          "non"
        ],
        "weekend": [
          "Zzz",
          "famille",
          "consacres",
          "amis"
        ],
        "vacances": [
          "series",
          "lire",
          "apprendre",
          "proches"
        ],
        "cours": [
          "dessines",
          "scenarios"
        ],
        "voyage": [
          "culture",
          "paysages"
        ]
      }
    }
  ]
}