{
    "users": [
      {
        "name": "Alice",
        "city": "Paris",
        "interets": {
          "cinema": [
            "RomCom",
            "Horreur"
          ],
          "lecture": [
            "Fiction",
            "Historique"
          ],
          "sport": [
            "Basket",
            "Tennis"
          ],
          "animaux": [
            "Chat",
            "Chien"
          ],
          "musique": [
            "Rock",
            "Pop-fr"
          ],
          "hobbies": [
            "Cuisine",
            "Instrument"
          ]
        }
      },
      {
        "name": "Bob",
        "city": "London",
        "interets": {
          "cinema": [
            "Action",
            "Science-Fiction"
          ],
          "lecture": [
            "New-Romance",
            "Policier"
          ],
          "sport": [
            "Football",
            "Handball"
          ],
          "animaux": [
            "Requin",
            "Tigre"
          ],
          "musique": [
            "K-pop",
            "Rap-us"
          ],
          "hobbies": [
            "F1",
            "Jeux-vidéos"
          ]
        }
      },
      {
        "name": "Charlie",
        "city": "Berlin",
        "interets": {
          "cinema": [
            "Thriller",
            "Horreur"
          ],
          "lecture": [
            "Classiques",
            "Policier"
          ],
          "sport": [
            "Escalade",
            "Musculation"
          ],
          "animaux": [
            "Loup",
            "Paresseux"
          ],
          "musique": [
            "Rap-fr",
            "Jazz"
          ],
          "hobbies": [
            "Chant",
            "Theatre"
          ]
        }
      },
      {
        "name": "David",
        "city": "New York",
        "interets": {
          "cinema": [
            "RomCom",
            "Action"
          ],
          "lecture": [
            "Fiction",
            "New-Romance"
          ],
          "sport": [
            "Natation",
            "Danse"
          ],
          "animaux": [
            "Hippopo",
            "Panda"
          ],
          "musique": [
            "Disco",
            "Reggaeton"
          ],
          "hobbies": [
            "Cuisine",
            "Dessin"
          ]
        }
      },
      {
        "name": "Emma",
        "city": "Tokyo",
        "interets": {
          "cinema": [
            "Science-Fiction",
            "Thriller"
          ],
          "lecture": [
            "Historique",
            "Classiques"
          ],
          "sport": [
            "Skate",
            "Tennis"
          ],
          "animaux": [
            "Rat",
            "Panda"
          ],
          "musique": [
            "Rock",
            "Pop-us"
          ],
          "hobbies": [
            "Jeux-vidéos",
            "Theatre"
          ]
        }
      },
      {
        "name": "Freya",
        "city": "Sydney",
        "interets": {
          "cinema": [
            "Action",
            "Thriller"
          ],
          "lecture": [
            "Fiction",
            "Historique"
          ],
          "sport": [
            "Basket",
            "Escalade"
          ],
          "animaux": [
            "Chat",
            "Chien"
          ],
          "musique": [
            "Pop-fr",
            "K-pop"
          ],
          "hobbies": [
            "Cuisine",
            "Instrument"
          ]
        }
      },
      {
        "name": "George",
        "city": "Moscow",
        "interets": {
          "cinema": [
            "RomCom",
            "Horreur"
          ],
          "lecture": [
            "New-Romance",
            "Policier"
          ],
          "sport": [
            "Football",
            "Handball"
          ],
          "animaux": [
            "Requin",
            "Tigre"
          ],
          "musique": [
            "Jazz",
            "Rap-us"
          ],
          "hobbies": [
            "F1",
            "Jeux-vidéos"
          ]
        }
      },
      {
        "name": "Hannah",
        "city": "Rio de Janeiro",
        "interets": {
          "cinema": [
            "Thriller",
            "Horreur"
          ],
          "lecture": [
            "Classiques",
            "Policier"
          ],
          "sport": [
            "Escalade",
            "Musculation"
          ],
          "animaux": [
            "Loup",
            "Paresseux"
          ],
          "musique": [
            "K-pop",
            "Rap-fr"
          ],
          "hobbies": [
            "Chant",
            "Theatre"
          ]
        }
      },
      {
        "name": "Isaac",
        "city": "Toronto",
        "interets": {
          "cinema": [
            "RomCom",
            "Action"
          ],
          "lecture": [
            "Fiction",
            "New-Romance"
          ],
          "sport": [
            "Natation",
            "Danse"
          ],
          "animaux": [
            "Hippopo",
            "Panda"
          ],
          "musique": [
            "Disco",
            "Reggaeton"
          ],
          "hobbies": [
            "Cuisine",
            "Dessin"
          ]
        }
      },
      {
        "name": "Julia",
        "city": "Mumbai",
        "interets": {
          "cinema": [
            "Science-Fiction",
            "Thriller"
          ],
          "lecture": [
            "Historique",
            "Classiques"
          ],
          "sport": [
            "Skate",
            "Tennis"
          ],
          "animaux": [
            "Rat",
            "Panda"
          ],
          "musique": [
            "Rock",
            "Pop-us"
          ],
          "hobbies": [
            "Jeux-vidéos",
            "Theatre"
          ]
        }
      }
    ]
  }
  